id,project_id,vendor_id,quoted_hours,quoted_price,actual_contract_hours,actual_contract_price,contract_date,payment_terms
1,1,9,79.27,1.22,79.8,1.23,2024-08-02,50/50 Split
2,1,18,85.59,1.45,85.74,1.46,2024-06-23,50/50 Split
3,2,1,345.93,4.29,357.32,4.43,2023-10-04,50/50 Split
4,2,17,419.83,6.64,389.5,6.16,2024-01-22,50/50 Split
5,3,17,489.83,5.46,,,,50/50 Split
6,3,7,371.98,5.46,,,,50/50 Split
7,4,4,294.48,4.3,,,,50/50 Split
8,5,14,140.96,1.65,145.42,1.7,2024-09-29,Net 30
9,5,11,114.66,1.86,112.43,1.83,2024-06-29,50/50 Split
10,5,16,108.49,1.91,100.9,1.77,2024-06-06,50/50 Split
11,6,6,320.16,5.96,,,,50/50 Split
12,6,2,264.59,5.22,,,,50/50 Split
13,6,4,269.33,3.07,,,,Net 30
14,7,11,355.59,5.07,,,,Net 30
15,8,17,503.87,6.15,444.34,5.42,2023-03-08,Net 30
16,9,16,100.55,1.27,97.31,1.23,2023-02-01,50/50 Split
17,10,1,265.94,4.83,276.88,5.03,2023-01-06,Net 30
18,10,13,303.03,3.16,259.36,2.7,2022-12-31,Net 30
19,11,19,234.35,2.85,,,,Net 60
20,11,16,335.65,4.95,,,,Net 30
21,11,14,262.79,3.71,,,,Net 30
22,12,12,379.68,4.79,,,,Net 30
23,12,8,320.6,5.63,,,,Net 30
24,13,9,594.95,8.78,,,,Net 30
25,14,18,809.09,9.11,826.14,9.3,2024-02-06,50/50 Split
26,15,7,148.26,2.43,138.82,2.27,2022-10-10,50/50 Split
27,15,5,182.13,2.42,171.49,2.28,2022-09-30,Net 60
28,16,16,140.77,2.26,122.94,1.97,2023-06-08,Net 60
29,16,11,112.59,1.53,112.5,1.53,2023-05-17,Net 30
30,16,6,153.43,3.06,138.6,2.76,2023-08-03,Net 30
31,17,2,215.39,3.38,,,,50/50 Split
32,18,6,221.6,2.56,,,,50/50 Split
33,19,19,1228.43,14.64,,,,Net 30
34,19,6,1416.02,25.83,,,,Net 60
35,20,5,497.91,6.23,493.32,6.17,2024-07-28,Net 60
36,20,11,666.58,6.98,577.07,6.04,2024-06-11,50/50 Split
37,20,4,567.51,7.99,526.08,7.41,2024-05-27,Net 30
38,21,3,1049.78,11.73,1026.58,11.47,2024-05-18,50/50 Split
39,22,8,1208.37,24.01,1177.16,23.39,2023-10-19,50/50 Split
40,22,5,1077.12,12.2,1053.39,11.93,2024-01-11,50/50 Split
41,22,14,1369.8,16.78,1417.43,17.37,2024-03-27,50/50 Split
42,23,5,887.67,16.08,,,,Net 60
43,23,12,864.07,15.59,,,,Net 60
44,24,18,174.16,3.36,,,,Net 30
45,24,4,167.14,2.43,,,,50/50 Split
46,24,17,186.58,2.37,,,,Net 30
47,25,16,240.3,2.63,,,,50/50 Split
48,25,2,246.03,4.46,,,,50/50 Split
49,26,16,1132.17,22.43,,,,50/50 Split
50,26,9,1367.18,18.58,,,,50/50 Split
51,27,2,70.37,1.38,65.41,1.29,2023-09-19,Net 60
52,27,7,87.85,1.54,85.6,1.5,2023-06-16,Net 60
53,27,11,82.57,1.28,71.79,1.11,2024-04-16,50/50 Split
54,28,7,608.19,6.81,528.49,5.92,2023-06-13,50/50 Split
55,28,8,692.9,7.6,704.42,7.72,2023-03-04,Net 60
56,28,19,561.69,9.61,533.39,9.12,2022-12-10,50/50 Split
57,29,6,261.13,2.82,272.72,2.94,2024-02-07,50/50 Split
58,29,18,297.5,5.06,297.72,5.07,2023-12-12,50/50 Split
59,29,8,291.89,3.65,269.38,3.37,2023-09-28,Net 60
60,30,8,255.47,4.13,,,,50/50 Split
61,31,1,523.18,9.51,,,,Net 30
62,31,5,564.56,10.59,,,,50/50 Split
63,32,1,282.59,3.68,268.76,3.5,2023-12-21,Net 30
64,32,12,326.96,4.55,323.62,4.5,2023-12-06,50/50 Split
65,32,3,310.46,3.91,305.27,3.84,2023-12-24,50/50 Split
66,33,12,170.36,2.72,149.0,2.38,2023-03-18,Net 60
67,34,18,1150.2,19.27,,,,50/50 Split
68,34,2,1213.33,22.25,,,,Net 60
69,35,19,176.07,1.94,,,,50/50 Split
70,36,11,353.6,6.52,,,,Net 60
71,36,4,350.01,6.74,,,,50/50 Split
72,36,16,345.6,4.65,,,,Net 30
73,37,19,182.63,2.01,,,,Net 30
74,37,15,141.45,2.14,,,,50/50 Split
75,38,4,112.85,1.84,,,,Net 60
76,38,8,110.45,1.13,,,,Net 30
77,39,3,473.05,5.53,,,,50/50 Split
78,40,16,398.6,6.92,389.05,6.75,2023-07-29,50/50 Split
79,40,3,316.14,3.68,317.3,3.69,2023-06-09,50/50 Split
80,40,2,398.94,6.14,405.9,6.25,2023-05-20,50/50 Split
81,41,18,299.98,5.41,267.88,4.83,2023-04-24,Net 60
82,42,19,363.33,5.96,,,,Net 30
83,42,12,390.36,4.76,,,,50/50 Split
84,43,12,1008.94,13.05,,,,Net 30
85,44,8,274.8,4.41,,,,Net 60
86,44,12,353.71,4.93,,,,Net 60
87,45,12,1915.4,28.45,1734.89,25.77,2022-12-24,50/50 Split
88,45,17,2150.84,30.45,2000.9,28.33,2022-09-13,50/50 Split
89,46,17,1483.16,27.86,,,,50/50 Split
90,47,15,130.99,1.7,121.06,1.57,2024-02-03,Net 30
91,47,6,183.61,2.02,165.86,1.83,2023-12-22,50/50 Split
92,47,19,185.54,3.01,178.09,2.88,2024-03-02,Net 60
93,48,20,169.32,1.79,160.82,1.7,2024-04-08,Net 60
94,48,2,138.54,2.74,140.85,2.78,2023-12-19,Net 30
95,48,18,145.19,1.7,147.79,1.73,2023-08-23,Net 30
96,49,4,160.07,1.88,155.4,1.83,2024-11-30,Net 60
97,49,6,192.9,2.09,177.7,1.93,2024-06-02,Net 30
98,49,7,152.71,2.19,153.62,2.21,2024-06-22,50/50 Split
99,50,18,727.75,7.72,,,,Net 60
100,50,14,643.03,12.07,,,,Net 30
101,50,4,644.19,9.55,,,,Net 30
102,51,17,49.47,0.66,49.96,0.67,2023-11-18,Net 30
103,52,5,337.81,6.08,,,,50/50 Split
104,52,13,421.96,7.05,,,,Net 30
105,52,14,450.48,7.75,,,,Net 30
106,53,9,126.31,1.29,115.22,1.17,2024-09-21,50/50 Split
107,53,3,108.46,1.29,108.91,1.3,2025-01-17,Net 60
108,54,13,225.59,3.13,214.75,2.98,2023-10-07,Net 30
109,54,16,279.23,5.02,241.59,4.34,2023-05-21,Net 60
110,55,18,359.21,4.11,,,,Net 60
111,55,2,301.97,5.85,,,,Net 30
112,56,9,117.61,1.44,,,,50/50 Split
113,56,20,104.15,1.61,,,,50/50 Split
114,56,16,127.45,1.37,,,,Net 60
115,57,8,1511.3,18.27,1376.76,16.64,2022-11-24,Net 30
116,58,19,972.31,12.26,,,,Net 30
117,58,14,825.63,11.33,,,,50/50 Split
118,59,2,240.35,3.65,232.06,3.52,2023-11-13,Net 30
119,59,6,251.4,4.71,263.5,4.94,2023-10-21,50/50 Split
120,60,8,522.04,6.61,506.33,6.41,2024-05-24,Net 60
121,61,2,366.27,6.72,,,,Net 30
122,61,7,345.85,4.43,,,,50/50 Split
123,62,1,195.57,2.82,168.77,2.43,2022-08-20,Net 60
124,62,4,179.62,2.91,163.37,2.65,2022-09-14,Net 60
125,62,10,162.03,2.21,156.72,2.14,2022-08-16,50/50 Split
126,63,20,39.13,0.67,37.47,0.64,2024-09-03,Net 60
127,64,18,287.15,4.55,289.73,4.59,2024-05-25,Net 60
128,64,8,328.55,6.0,308.66,5.64,2024-06-26,50/50 Split
129,65,4,161.61,3.11,155.56,2.99,2022-10-25,Net 30
130,65,8,155.17,2.36,156.61,2.38,2022-11-22,Net 30
131,65,13,135.95,1.84,135.38,1.84,2022-11-03,Net 30
132,66,3,296.16,4.02,258.32,3.51,2024-04-19,Net 60
133,66,15,317.84,5.79,321.82,5.86,2024-09-07,Net 60
134,66,11,290.75,4.62,247.16,3.93,2024-08-05,Net 30
135,67,15,600.58,8.01,621.24,8.28,2025-01-16,50/50 Split
136,67,12,562.75,6.53,589.65,6.84,2024-09-20,50/50 Split
137,67,11,716.16,10.32,720.62,10.39,2025-01-07,Net 60
138,68,5,176.76,2.51,,,,50/50 Split
139,69,12,185.44,3.24,172.04,3.01,2023-04-14,Net 60
140,69,7,184.97,2.22,181.61,2.18,2023-03-08,Net 60
141,70,12,267.67,4.38,277.41,4.54,2023-07-17,Net 60
142,70,20,228.83,3.25,223.65,3.18,2023-08-10,Net 60
143,70,14,203.29,3.76,212.41,3.93,2023-06-13,Net 60
144,71,12,1341.72,24.36,1311.59,23.81,2023-06-18,50/50 Split
145,71,17,1518.68,18.93,1444.92,18.01,2023-09-18,50/50 Split
146,71,18,1428.79,24.51,1458.38,25.02,2023-07-09,50/50 Split
147,72,5,540.22,5.92,,,,Net 30
148,73,10,422.96,5.33,392.43,4.95,2024-07-20,Net 60
149,74,5,328.49,5.16,303.82,4.77,2022-08-26,50/50 Split
150,74,8,241.81,2.88,210.55,2.5,2023-03-02,50/50 Split
151,75,17,345.9,5.72,,,,Net 60
152,76,9,812.5,15.81,804.06,15.65,2023-01-01,50/50 Split
153,77,6,370.67,4.58,347.7,4.3,2023-12-06,Net 30
154,77,2,307.0,5.95,275.53,5.34,2023-06-26,Net 60
155,77,19,395.12,7.86,354.23,7.05,2023-08-30,Net 60
156,78,16,201.07,2.82,,,,Net 30
157,79,4,124.35,1.43,,,,Net 60
158,79,7,160.82,2.75,,,,Net 30
159,79,9,169.69,3.22,,,,Net 30
160,80,11,313.78,4.91,,,,Net 30
161,80,20,342.81,5.36,,,,50/50 Split
162,80,17,260.41,3.3,,,,Net 60
163,81,8,1662.68,28.0,,,,50/50 Split
164,81,13,1504.02,15.14,,,,Net 30
165,81,2,1914.84,19.2,,,,50/50 Split
166,82,7,90.27,1.16,,,,Net 60
167,83,16,54.37,1.07,52.87,1.04,2023-07-24,Net 30
168,83,18,55.76,1.01,56.26,1.02,2023-08-17,Net 60
169,84,14,768.44,11.6,737.18,11.13,2024-12-19,50/50 Split
170,84,1,785.19,8.13,734.9,7.61,2025-02-07,Net 30
171,85,4,213.41,3.99,,,,Net 60
172,85,20,227.99,4.51,,,,50/50 Split
173,86,20,473.56,7.76,,,,Net 30
174,86,7,410.22,6.46,,,,Net 30
175,86,8,403.06,6.84,,,,Net 60
176,87,8,335.11,6.32,346.15,6.53,2023-10-09,Net 60
177,88,19,331.81,4.01,337.66,4.08,2023-10-24,50/50 Split
178,88,18,320.51,3.84,291.67,3.5,2023-04-02,50/50 Split
179,89,4,309.54,3.48,,,,Net 30
180,89,19,292.58,5.26,,,,50/50 Split
181,89,14,317.23,3.6,,,,Net 30
182,90,3,699.41,11.43,,,,50/50 Split
183,90,2,598.64,10.58,,,,50/50 Split
184,91,5,599.85,6.14,534.65,5.48,2022-08-01,Net 30
185,91,4,499.54,9.35,515.55,9.65,2022-09-14,Net 60
186,91,2,624.89,7.74,584.08,7.23,2022-10-19,50/50 Split
187,92,12,39.36,0.4,37.68,0.38,2023-06-08,Net 30
188,92,15,40.77,0.58,35.03,0.5,2023-06-12,Net 30
189,92,2,50.59,0.54,52.99,0.56,2023-08-27,50/50 Split
190,93,13,1320.21,25.35,,,,50/50 Split
191,94,15,77.88,1.12,81.29,1.17,2023-06-03,Net 30
192,94,7,63.77,1.14,60.87,1.09,2023-02-25,Net 30
193,94,6,55.39,0.6,54.68,0.6,2023-01-08,Net 30
194,95,1,397.74,5.22,,,,Net 30
195,95,19,351.39,6.45,,,,50/50 Split
196,95,6,455.48,6.96,,,,Net 30
197,96,4,159.25,1.66,,,,50/50 Split
198,96,3,139.81,2.74,,,,50/50 Split
199,97,15,299.51,5.96,,,,Net 30
200,97,6,275.37,3.66,,,,Net 60
201,98,5,1000.21,10.91,,,,Net 60
202,98,13,1082.73,20.85,,,,Net 30
203,98,15,913.99,13.43,,,,50/50 Split
204,99,9,497.06,8.15,509.54,8.35,2023-01-06,Net 30
205,99,2,382.82,5.61,347.53,5.09,2022-12-26,Net 30
206,100,9,308.82,5.07,300.96,4.94,2023-09-24,Net 60
207,100,20,383.17,7.58,355.69,7.03,2023-09-08,50/50 Split
208,100,5,301.9,4.16,306.6,4.23,2023-09-11,Net 30
209,101,15,1148.64,15.13,1060.85,13.97,2024-10-05,Net 30
210,101,18,1129.42,20.5,983.35,17.85,2024-11-24,Net 30
211,102,12,44.3,0.71,46.41,0.74,2023-11-25,Net 30
212,102,14,47.31,0.88,44.43,0.83,2023-09-09,Net 60
213,102,18,45.85,0.48,46.37,0.48,2023-09-22,Net 60
214,103,13,302.77,5.3,306.8,5.37,2023-09-22,Net 30
215,104,9,102.98,1.85,,,,Net 30
216,104,6,107.77,1.91,,,,Net 60
217,105,10,898.1,11.46,,,,50/50 Split
218,106,10,1126.25,18.59,,,,Net 60
219,107,17,1120.79,21.79,,,,Net 60
220,107,9,1321.89,25.21,,,,50/50 Split
221,107,7,1190.22,13.64,,,,Net 30
222,108,14,307.14,4.35,,,,Net 30
223,108,10,292.84,4.63,,,,Net 60
224,109,14,266.03,4.03,,,,Net 60
225,109,9,313.55,4.35,,,,Net 30
226,109,4,301.29,3.7,,,,50/50 Split
227,110,16,1054.29,12.48,1035.37,12.25,2023-10-20,Net 30
228,110,6,1034.93,19.61,946.82,17.94,2023-12-16,Net 60
229,110,10,1153.21,19.56,1092.85,18.53,2024-04-30,Net 30
230,111,17,376.63,5.85,,,,50/50 Split
231,111,16,304.55,4.8,,,,Net 60
232,111,10,340.9,5.81,,,,Net 60
233,112,6,48.66,0.76,,,,Net 60
234,112,7,50.47,0.87,,,,Net 30
235,112,17,36.4,0.61,,,,50/50 Split
236,113,18,1043.5,15.64,958.55,14.37,2022-11-18,Net 60
237,113,5,1093.41,12.46,950.97,10.84,2022-11-06,Net 30
238,113,12,1060.23,20.55,1020.23,19.77,2022-11-24,50/50 Split
239,114,4,308.47,4.64,,,,Net 60
240,115,14,186.83,2.35,,,,50/50 Split
241,115,7,230.98,3.92,,,,50/50 Split
242,116,7,187.91,3.73,,,,Net 30
243,116,12,220.66,3.16,,,,Net 30
244,116,9,175.36,2.72,,,,Net 30
245,117,19,391.42,5.52,398.3,5.62,2023-12-20,Net 30
246,117,11,399.4,6.73,417.71,7.04,2023-10-14,50/50 Split
247,117,3,433.76,6.07,414.35,5.8,2023-10-18,Net 30
248,118,7,97.89,1.2,,,,Net 60
249,118,18,85.64,1.05,,,,Net 30
250,118,9,103.91,1.82,,,,50/50 Split
251,119,15,377.71,6.27,,,,Net 60
252,119,5,316.31,4.86,,,,Net 60
253,119,10,362.6,5.26,,,,Net 30
254,120,5,1686.55,32.82,,,,Net 30
255,120,8,2331.56,25.43,,,,50/50 Split
256,121,4,657.08,9.65,667.84,9.8,2024-05-28,Net 60
257,122,7,66.98,1.25,,,,50/50 Split
258,122,15,79.1,1.39,,,,Net 30
259,123,13,398.16,6.9,385.49,6.68,2024-01-26,Net 30
260,124,9,1644.96,31.49,,,,Net 30
261,125,14,804.18,12.05,,,,Net 60
262,126,1,777.57,10.29,771.69,10.21,2024-08-23,Net 30
263,126,15,633.28,11.51,573.8,10.43,2024-09-02,Net 30
264,126,17,829.92,14.08,706.02,11.98,2024-07-20,50/50 Split
265,127,12,176.86,2.48,,,,Net 30
266,127,17,161.02,2.09,,,,Net 30
267,128,13,67.12,1.05,,,,Net 30
268,128,6,71.66,0.84,,,,Net 30
269,128,12,54.26,0.84,,,,50/50 Split
270,129,19,1150.29,21.94,1002.09,19.12,2023-04-01,Net 30
271,129,8,908.76,14.97,786.39,12.96,2023-06-17,50/50 Split
272,130,13,529.55,9.61,481.42,8.73,2022-10-16,Net 30
273,131,1,772.49,12.38,,,,Net 60
274,131,12,707.64,11.42,,,,Net 60
275,132,8,533.22,10.22,524.7,10.06,2023-08-06,Net 30
276,133,10,390.44,6.58,344.67,5.81,2023-06-24,50/50 Split
277,133,15,387.27,6.74,383.28,6.67,2022-09-13,Net 60
278,134,1,1544.9,18.76,1433.86,17.41,2023-04-10,Net 60
279,134,4,1129.69,18.59,1103.03,18.15,2023-04-02,50/50 Split
280,135,15,289.63,5.22,268.97,4.85,2024-04-03,Net 60
281,136,16,166.87,2.0,170.28,2.04,2024-03-15,Net 30
282,136,8,146.42,2.92,129.76,2.59,2023-12-14,50/50 Split
283,137,3,58.6,1.11,,,,Net 30
284,137,15,52.23,0.87,,,,Net 30
285,137,17,54.88,1.02,,,,Net 30
286,138,1,556.77,6.53,,,,Net 60
287,139,17,60.43,1.06,57.94,1.02,2022-08-18,Net 60
288,139,15,60.56,1.13,54.8,1.02,2022-11-01,50/50 Split
289,139,5,68.51,1.17,61.55,1.05,2023-03-04,Net 30
290,140,11,815.1,9.74,818.27,9.77,2023-08-28,Net 60
291,140,13,832.86,14.83,873.76,15.55,2023-07-12,Net 30
292,141,13,402.4,6.77,,,,Net 60
293,141,8,511.76,9.27,,,,50/50 Split
294,141,10,443.03,5.23,,,,Net 30
295,142,12,519.99,8.69,,,,50/50 Split
296,143,16,147.61,1.91,,,,50/50 Split
297,143,8,148.57,2.81,,,,Net 60
298,144,15,150.13,2.83,,,,Net 30
299,145,18,109.63,2.07,109.14,2.06,2023-09-12,Net 60
300,145,14,117.97,1.93,104.35,1.71,2023-08-22,Net 60
301,145,2,117.43,1.98,110.95,1.87,2023-10-25,50/50 Split
302,146,8,634.05,10.95,,,,Net 60
303,146,14,629.55,7.57,,,,Net 60
304,146,7,790.37,13.98,,,,Net 30
305,147,5,164.76,3.02,154.91,2.84,2024-09-13,Net 30
306,147,11,188.22,3.36,188.87,3.37,2024-08-13,Net 30
307,147,9,168.64,2.21,167.05,2.19,2024-07-05,Net 30
308,148,18,64.76,1.26,64.88,1.27,2024-01-10,Net 60
309,148,16,81.01,0.83,78.03,0.8,2024-01-12,50/50 Split
310,148,3,87.03,1.57,85.13,1.54,2023-12-04,Net 30
311,149,16,1285.02,19.16,1130.86,16.86,2022-09-21,Net 30
312,149,6,1250.65,17.66,1294.02,18.27,2023-03-30,Net 30
313,149,18,1285.69,17.1,1275.64,16.96,2022-10-19,50/50 Split
314,150,6,419.25,7.79,435.22,8.08,2023-02-22,50/50 Split
315,150,10,452.72,5.79,421.71,5.39,2023-01-28,Net 30
316,151,9,165.18,2.02,,,,Net 60
317,152,20,471.65,8.14,,,,Net 30
318,153,4,154.22,2.43,152.22,2.39,2023-11-20,Net 30
319,154,10,310.21,4.64,275.85,4.12,2024-01-03,Net 30
320,155,15,176.77,3.35,180.17,3.41,2024-08-04,50/50 Split
321,155,18,168.52,1.72,165.92,1.69,2024-07-19,50/50 Split
322,156,16,771.04,9.57,,,,Net 30
323,157,4,397.38,7.59,,,,Net 30
324,158,11,142.25,2.24,,,,50/50 Split
325,158,9,169.17,2.34,,,,Net 60
326,159,19,364.55,4.25,,,,Net 60
327,160,5,229.97,2.35,,,,50/50 Split
328,161,5,1137.39,12.88,1107.87,12.54,2024-08-23,50/50 Split
329,161,18,970.92,18.51,949.97,18.11,2024-08-30,Net 30
330,162,20,154.43,2.88,,,,50/50 Split
331,162,2,210.76,2.47,,,,50/50 Split
332,163,17,551.86,7.9,,,,Net 30
333,163,1,596.14,6.45,,,,50/50 Split
334,163,3,587.42,9.47,,,,50/50 Split
335,164,17,55.92,0.9,57.27,0.92,2023-07-20,50/50 Split
336,164,14,46.47,0.87,41.15,0.77,2023-08-15,50/50 Split
337,164,5,59.81,0.98,55.2,0.91,2024-02-28,Net 30
338,165,12,383.7,5.27,,,,50/50 Split
339,166,10,308.54,4.54,303.68,4.47,2023-08-03,Net 30
340,166,7,278.51,3.76,287.03,3.88,2023-09-24,Net 60
341,167,3,46.54,0.73,,,,50/50 Split
342,167,4,44.92,0.59,,,,50/50 Split
343,167,17,48.25,0.73,,,,Net 60
344,168,18,650.85,8.66,,,,Net 30
345,168,16,676.35,8.31,,,,Net 60
346,168,5,528.97,5.79,,,,Net 60
347,169,2,1952.1,20.83,1909.72,20.38,2022-11-19,Net 60
348,169,13,2600.23,26.42,2691.7,27.35,2022-09-29,50/50 Split
349,170,1,136.43,2.55,,,,Net 60
350,170,13,113.52,1.28,,,,50/50 Split
351,171,10,131.77,1.53,112.16,1.3,2023-04-10,Net 60
352,171,20,165.13,3.05,156.6,2.89,2023-02-10,Net 30
353,171,15,134.92,1.55,134.92,1.55,2023-03-14,Net 30
354,172,1,372.95,4.54,,,,Net 30
355,172,19,422.98,7.14,,,,Net 30
356,172,7,521.81,5.88,,,,Net 60
357,173,8,236.27,4.06,,,,50/50 Split
358,173,16,303.82,4.31,,,,50/50 Split
359,173,1,248.34,3.14,,,,Net 60
360,174,10,67.22,1.31,,,,Net 60
361,174,9,66.26,0.82,,,,Net 30
362,174,1,84.93,1.32,,,,50/50 Split
363,175,12,397.32,6.42,387.5,6.26,2024-03-13,50/50 Split
364,175,1,382.13,4.09,401.17,4.29,2024-02-23,Net 30
365,175,6,395.78,7.09,410.31,7.35,2024-03-13,50/50 Split
366,176,7,1798.2,23.76,,,,Net 60
367,176,1,1338.75,21.55,,,,Net 30
368,177,17,428.86,4.83,428.64,4.83,2023-04-12,Net 60
369,177,14,467.24,5.9,447.59,5.65,2023-03-24,Net 60
370,177,10,410.62,4.68,367.46,4.19,2023-05-21,50/50 Split
371,178,16,1249.83,19.86,,,,Net 30
372,178,8,1020.24,17.85,,,,Net 60
373,179,3,210.69,2.51,193.22,2.3,2024-08-30,Net 30
374,180,17,300.85,4.48,305.2,4.55,2023-03-25,50/50 Split
375,181,7,118.68,2.18,,,,50/50 Split
376,181,9,147.03,2.08,,,,50/50 Split
377,182,19,607.88,7.91,,,,50/50 Split
378,182,2,582.2,8.52,,,,Net 60
379,183,11,501.05,5.21,471.05,4.9,2024-04-26,Net 30
380,184,13,320.47,5.55,320.12,5.55,2023-11-16,Net 30
381,184,5,370.13,3.97,359.35,3.85,2023-10-23,50/50 Split
382,185,4,1322.01,18.93,1317.23,18.86,2024-06-15,Net 30
383,185,1,1413.77,28.17,1241.36,24.74,2024-05-01,Net 60
384,185,7,1335.99,23.14,1219.27,21.12,2024-04-08,Net 30
385,186,1,424.43,8.17,,,,Net 30
386,186,14,401.68,5.69,,,,50/50 Split
387,187,19,173.04,2.88,175.13,2.92,2023-02-15,Net 60
388,188,19,1111.12,12.32,,,,Net 30
389,188,20,1512.74,29.28,,,,Net 30
390,189,18,88.31,1.57,87.77,1.56,2024-08-16,Net 30
391,189,4,98.6,1.79,86.8,1.58,2024-08-29,Net 30
392,190,18,343.21,3.75,,,,Net 60
393,190,10,449.99,6.72,,,,Net 30
394,190,4,445.17,4.59,,,,Net 60
395,191,12,228.85,2.38,230.43,2.4,2023-02-17,50/50 Split
396,191,11,280.71,3.79,278.42,3.76,2023-05-24,Net 60
397,192,10,170.05,2.3,152.81,2.06,2024-02-12,50/50 Split
398,192,11,140.78,2.81,139.18,2.78,2024-09-10,Net 60
399,192,4,177.55,3.22,161.08,2.92,2024-02-20,Net 60
400,193,14,636.33,6.87,608.65,6.57,2023-11-29,Net 30
401,193,5,539.96,9.69,514.23,9.23,2023-11-27,50/50 Split
402,194,19,445.99,7.3,399.73,6.54,2024-08-12,Net 30
403,194,17,473.6,8.33,474.56,8.35,2024-07-18,50/50 Split
404,194,18,415.23,6.99,356.5,6.0,2024-06-07,Net 60
405,195,18,149.85,2.74,,,,Net 30
406,195,5,162.76,2.87,,,,50/50 Split
407,196,11,490.68,6.72,455.03,6.24,2024-02-15,Net 30
408,197,9,569.3,8.89,,,,Net 60
409,197,13,673.38,7.58,,,,50/50 Split
410,197,17,559.9,5.69,,,,Net 60
411,198,1,214.59,2.92,184.06,2.5,2024-02-23,Net 60
412,198,6,183.15,3.1,166.48,2.82,2023-09-20,50/50 Split
413,199,3,922.37,13.78,,,,50/50 Split
414,199,1,1042.5,14.52,,,,Net 60
415,200,17,801.48,15.21,,,,Net 30
416,201,2,357.58,6.75,,,,50/50 Split
417,201,6,331.19,3.87,,,,Net 60
418,202,19,1162.77,23.17,,,,Net 60
419,202,8,1354.88,18.05,,,,Net 30
420,203,14,390.91,4.84,,,,Net 60
421,204,3,86.19,0.95,,,,50/50 Split
422,204,19,91.67,1.0,,,,50/50 Split
423,205,1,1521.32,16.85,,,,50/50 Split
424,205,9,1583.44,23.63,,,,50/50 Split
425,206,20,409.78,6.11,,,,50/50 Split
426,207,3,995.98,16.36,,,,50/50 Split
427,208,6,818.2,10.79,718.22,9.47,2024-11-10,Net 30
428,209,1,400.94,6.81,398.05,6.76,2024-07-06,Net 60
429,210,19,329.69,6.57,338.65,6.75,2024-02-27,Net 60
430,210,1,443.38,8.27,377.61,7.04,2024-03-06,Net 60
431,210,14,349.54,5.45,306.22,4.78,2024-03-13,Net 60
432,211,9,732.98,11.23,670.75,10.28,2023-06-11,Net 60
433,211,8,618.58,7.1,630.34,7.24,2023-08-12,50/50 Split
434,211,18,602.55,8.09,513.92,6.9,2023-07-15,Net 60
435,212,17,116.23,1.21,113.93,1.19,2022-11-22,Net 30
436,213,8,942.02,13.29,943.85,13.31,2023-09-08,50/50 Split
437,214,10,591.4,7.19,,,,Net 30
438,214,12,678.15,10.86,,,,Net 30
439,215,16,1239.02,13.7,1124.13,12.43,2023-12-21,50/50 Split
440,215,20,1197.38,12.51,1047.41,10.94,2024-01-16,Net 30
441,216,5,822.06,14.87,781.64,14.14,2023-01-28,Net 30
442,216,11,742.45,9.9,762.19,10.17,2023-01-23,Net 30
443,216,7,739.55,8.27,763.56,8.54,2023-01-21,Net 30
444,217,15,49.8,0.7,50.47,0.71,2023-06-11,Net 60
445,217,14,47.07,0.74,46.95,0.74,2023-02-27,50/50 Split
446,218,16,197.05,3.12,172.21,2.72,2023-01-30,Net 60
447,218,20,191.74,3.28,167.23,2.86,2022-11-29,50/50 Split
448,218,15,173.08,3.37,172.21,3.36,2022-12-30,Net 60
449,219,17,1823.81,33.63,,,,Net 30
450,220,10,279.97,4.2,,,,50/50 Split
451,221,17,323.66,3.89,,,,50/50 Split
452,221,7,292.74,4.42,,,,Net 30
453,221,20,242.57,2.46,,,,50/50 Split
454,222,16,118.36,1.8,,,,Net 30
455,223,20,375.93,3.86,350.41,3.6,2024-03-24,Net 60
456,224,8,1156.56,20.22,,,,Net 60
457,224,14,1055.08,12.68,,,,50/50 Split
458,225,10,285.9,5.67,,,,Net 30
459,225,11,251.51,3.34,,,,Net 30
460,226,19,322.91,3.84,293.8,3.5,2023-05-22,50/50 Split
461,226,16,397.98,5.55,376.29,5.25,2023-06-03,Net 60
462,226,17,427.04,8.09,443.5,8.4,2023-05-12,50/50 Split
463,227,18,353.26,5.79,,,,Net 30
464,227,9,379.46,6.03,,,,Net 30
465,228,16,1280.34,15.3,1265.37,15.13,2022-12-14,Net 30
466,228,2,1240.79,23.63,1067.37,20.32,2023-03-12,50/50 Split
467,229,5,1204.1,18.0,1045.9,15.64,2023-11-15,Net 60
468,230,6,313.99,3.29,299.2,3.14,2024-02-13,Net 60
469,231,14,200.31,2.26,,,,Net 60
470,232,13,283.6,4.19,,,,Net 60
471,232,18,295.87,3.03,,,,Net 60
472,232,16,275.08,5.08,,,,50/50 Split
473,233,4,120.37,1.85,119.46,1.83,2024-02-19,Net 30
474,233,19,125.42,1.89,119.02,1.79,2024-02-04,50/50 Split
475,233,20,137.29,1.53,132.31,1.48,2024-01-12,Net 60
476,234,3,313.88,4.46,325.74,4.62,2023-02-22,Net 30
477,234,8,293.56,4.13,256.02,3.6,2023-03-05,Net 60
478,234,14,329.32,3.35,298.53,3.03,2023-03-24,Net 30
479,235,13,165.18,2.13,141.47,1.83,2024-08-12,Net 60
480,235,16,165.78,1.84,142.56,1.58,2024-05-15,50/50 Split
481,236,13,143.01,1.63,125.84,1.44,2023-04-30,Net 60
482,237,12,49.15,0.51,50.94,0.53,2023-04-07,Net 60
483,237,9,43.88,0.45,41.76,0.43,2023-04-24,50/50 Split
484,238,12,1184.33,22.57,,,,50/50 Split
485,239,15,369.89,4.06,,,,Net 60
486,239,11,285.09,5.64,,,,Net 30
487,239,10,296.48,5.19,,,,Net 60
488,240,1,1304.61,14.14,,,,Net 60
489,241,13,342.7,3.8,307.14,3.41,2024-04-08,50/50 Split
490,242,14,521.02,6.61,,,,Net 30
491,242,8,375.41,6.92,,,,Net 60
492,243,10,476.68,7.63,,,,50/50 Split
493,244,7,405.14,7.3,347.53,6.26,2023-10-27,Net 60
494,244,3,385.03,4.41,387.28,4.43,2023-09-19,Net 30
495,245,11,546.27,8.07,485.19,7.17,2023-08-04,50/50 Split
496,246,6,97.24,1.7,92.07,1.61,2024-05-30,50/50 Split
497,246,5,105.15,1.14,98.68,1.07,2024-05-13,Net 60
498,247,18,189.02,2.87,186.57,2.83,2022-12-31,50/50 Split
499,247,3,220.42,4.38,213.83,4.25,2023-02-27,Net 30
500,248,6,56.87,1.0,57.91,1.02,2022-11-24,Net 30
501,248,8,60.82,0.75,62.87,0.78,2022-12-05,Net 30
502,249,14,676.37,7.9,,,,Net 30
503,249,13,713.74,7.16,,,,Net 60
504,250,9,416.11,5.21,,,,50/50 Split
505,250,2,556.07,7.29,,,,Net 60
506,251,2,319.89,5.42,,,,50/50 Split
507,252,17,526.39,5.35,530.65,5.39,2023-08-11,Net 60
508,252,9,643.01,6.68,648.21,6.74,2023-10-01,50/50 Split
509,253,11,371.88,6.13,,,,50/50 Split
510,253,15,436.95,5.15,,,,50/50 Split
511,253,13,462.24,7.47,,,,Net 60
512,254,11,46.37,0.61,,,,Net 60
513,254,14,48.8,0.72,,,,Net 30
514,255,20,322.78,4.2,313.22,4.07,2023-05-09,Net 30
515,255,9,319.25,6.12,273.82,5.25,2023-07-08,50/50 Split
516,256,14,341.25,6.47,314.98,5.97,2023-02-02,Net 60
517,256,5,284.94,2.94,258.04,2.67,2022-12-14,Net 30
518,256,13,276.58,3.58,283.79,3.67,2022-12-24,Net 30
519,257,1,143.8,1.81,,,,Net 60
520,257,16,181.32,2.06,,,,50/50 Split
521,258,19,1251.51,13.19,,,,Net 60
522,259,13,68.38,1.26,66.91,1.24,2024-10-26,Net 60
523,259,17,66.76,0.9,59.04,0.8,2024-01-22,Net 60
524,259,14,88.49,1.25,92.28,1.3,2024-06-09,50/50 Split
525,260,14,98.04,1.42,,,,Net 60
526,260,20,91.27,1.19,,,,Net 60
527,261,19,165.24,1.7,146.41,1.51,2024-03-12,Net 30
528,262,14,446.98,6.45,,,,50/50 Split
529,263,6,70.42,1.08,,,,Net 60
530,263,3,87.51,0.89,,,,50/50 Split
531,263,7,87.14,1.09,,,,50/50 Split
532,264,15,1105.15,16.08,1151.78,16.76,2023-06-12,Net 60
533,265,6,478.38,5.5,459.5,5.29,2024-07-14,Net 60
534,266,6,347.08,3.93,333.97,3.78,2022-09-13,Net 30
535,266,1,260.44,4.58,229.67,4.04,2022-11-30,Net 60
536,266,17,289.93,4.32,248.58,3.71,2022-12-04,Net 30
537,267,9,283.3,4.84,254.14,4.34,2022-10-24,Net 30
538,267,11,337.53,3.85,317.35,3.62,2022-11-22,50/50 Split
539,268,10,481.89,8.09,,,,Net 30
540,268,18,606.54,8.44,,,,Net 60
541,269,20,84.9,1.54,,,,Net 30
542,269,17,80.21,0.89,,,,50/50 Split
543,269,3,96.71,1.08,,,,Net 30
544,270,15,228.46,3.86,,,,Net 30
545,271,11,365.86,4.8,,,,Net 30
546,271,19,305.56,3.53,,,,50/50 Split
547,271,7,352.75,5.44,,,,Net 60
548,272,11,360.09,3.76,341.89,3.57,2023-11-01,Net 30
549,272,16,330.6,5.61,290.12,4.92,2024-04-26,Net 60
550,273,10,341.85,5.83,,,,50/50 Split
551,273,4,295.54,3.95,,,,Net 30
552,273,3,284.03,4.4,,,,50/50 Split
553,274,2,876.95,15.27,913.41,15.9,2023-08-02,Net 30
554,275,11,1656.1,30.7,1501.4,27.83,2024-05-22,Net 30
555,275,5,1418.88,21.12,1441.9,21.46,2024-01-13,Net 30
556,276,1,676.71,12.51,,,,50/50 Split
557,277,5,437.23,4.98,440.62,5.02,2023-02-07,Net 60
558,277,10,384.78,3.92,345.37,3.52,2023-02-15,Net 30
559,277,17,494.63,9.08,458.1,8.41,2023-02-04,Net 30
560,278,18,229.69,3.02,,,,Net 30
561,278,17,231.39,3.72,,,,Net 60
562,278,6,261.9,3.3,,,,Net 60
563,279,12,967.49,18.03,895.82,16.7,2022-11-08,Net 60
564,279,5,1337.56,23.66,1193.15,21.11,2022-12-28,Net 30
565,279,3,1102.57,15.1,1152.6,15.79,2022-11-22,50/50 Split
566,280,8,275.73,3.93,279.76,3.99,2023-05-19,50/50 Split
567,281,10,894.29,13.13,,,,50/50 Split
568,282,17,494.95,7.36,468.98,6.98,2023-09-26,Net 60
569,282,6,424.57,4.37,365.8,3.77,2023-04-26,50/50 Split
570,283,3,357.48,4.35,,,,50/50 Split
571,284,4,390.34,5.46,,,,Net 60
572,285,17,760.86,12.88,769.28,13.03,2023-12-16,Net 30
573,285,18,674.14,12.63,679.4,12.72,2023-11-29,Net 30
574,285,16,570.69,9.18,571.81,9.2,2024-04-11,Net 30
575,286,5,426.75,7.09,,,,Net 60
576,286,16,521.96,5.88,,,,50/50 Split
577,286,12,449.94,5.58,,,,Net 30
578,287,3,845.1,12.82,735.03,11.15,2023-02-20,Net 60
579,288,12,297.99,4.38,276.78,4.07,2024-12-08,Net 60
580,288,3,374.19,6.88,335.99,6.18,2024-08-14,Net 30
581,288,19,356.68,7.07,321.38,6.37,2024-08-04,Net 30
582,289,8,571.88,5.81,558.31,5.67,2023-07-13,50/50 Split
583,289,9,734.43,14.0,655.84,12.5,2023-07-07,Net 60
584,290,20,293.13,4.28,,,,Net 30
585,291,14,845.4,9.67,817.99,9.36,2022-11-12,Net 60
586,291,19,762.85,9.46,672.32,8.34,2022-12-28,50/50 Split
587,292,17,443.45,8.26,,,,50/50 Split
588,292,14,424.76,5.35,,,,50/50 Split
589,292,5,391.67,6.89,,,,50/50 Split
590,293,16,51.46,0.92,45.21,0.81,2023-10-25,Net 30
591,294,10,397.45,7.9,389.45,7.74,2024-10-23,Net 60
592,294,20,309.81,3.35,295.31,3.2,2024-08-31,Net 30
593,295,18,935.49,16.31,903.16,15.75,2024-01-17,Net 30
594,295,20,935.77,15.62,864.16,14.42,2023-12-25,Net 30
595,295,7,1001.13,12.46,1016.43,12.65,2024-01-11,Net 60
596,296,8,953.47,13.85,931.72,13.53,2024-08-11,Net 60
597,296,6,821.04,11.52,853.94,11.98,2024-07-29,Net 30
598,296,13,748.03,10.58,740.75,10.47,2024-10-26,50/50 Split
599,297,5,1397.95,22.7,1365.38,22.17,2024-06-21,Net 30
600,297,7,1337.53,15.61,1150.39,13.43,2024-05-05,Net 30
601,297,8,1492.24,29.1,1501.39,29.28,2024-09-22,Net 30
602,298,17,102.62,1.95,104.43,1.99,2024-09-28,Net 30
603,299,14,1377.84,22.88,1363.56,22.64,2022-12-21,Net 30
604,299,20,1133.26,13.68,1164.8,14.06,2022-09-25,Net 60
605,300,20,343.15,4.03,,,,50/50 Split
606,300,9,379.24,6.64,,,,50/50 Split
607,300,18,438.98,6.43,,,,Net 30
608,301,10,358.19,3.77,,,,50/50 Split
609,301,14,280.35,4.75,,,,Net 60
610,302,17,536.13,9.76,,,,Net 30
611,303,7,357.67,6.78,350.6,6.64,2024-03-23,50/50 Split
612,303,9,410.89,5.77,403.86,5.67,2024-01-06,Net 60
613,303,20,407.83,7.16,365.99,6.43,2024-05-21,50/50 Split
614,304,19,109.73,1.78,114.18,1.85,2023-09-16,Net 60
615,304,9,103.73,1.37,107.16,1.41,2023-06-22,50/50 Split
616,305,6,467.26,6.0,429.4,5.52,2024-06-26,50/50 Split
617,305,11,514.26,7.18,470.54,6.57,2024-08-16,Net 30
618,305,13,397.07,6.47,375.53,6.12,2024-10-01,Net 30
619,306,3,172.91,2.37,147.98,2.03,2023-11-12,Net 30
620,306,19,162.03,1.72,152.98,1.62,2023-11-23,50/50 Split
621,307,11,198.11,2.16,203.96,2.22,2023-09-26,Net 60
622,307,2,280.14,3.56,247.67,3.15,2023-08-14,50/50 Split
623,307,7,274.08,3.83,275.2,3.84,2023-10-01,50/50 Split
624,308,7,642.58,10.11,,,,50/50 Split
625,309,17,797.53,15.49,770.98,14.97,2024-02-26,Net 60
626,309,2,708.7,11.42,706.35,11.38,2024-10-16,Net 60
627,309,6,989.9,16.78,1026.1,17.4,2024-04-16,Net 30
628,310,9,88.82,1.41,85.13,1.35,2023-04-18,50/50 Split
629,310,16,111.43,2.0,99.22,1.78,2022-12-26,Net 60
630,310,14,106.17,2.06,92.41,1.79,2023-02-01,Net 60
631,311,19,91.62,1.08,,,,Net 60
632,312,1,1085.59,14.03,1024.88,13.25,2024-08-10,50/50 Split
633,313,11,236.02,3.66,242.21,3.75,2023-08-22,Net 60
634,314,20,378.48,5.05,381.99,5.1,2022-09-08,Net 30
635,314,9,327.23,4.71,283.17,4.07,2023-02-25,Net 30
636,315,19,878.89,15.54,852.52,15.07,2024-09-28,Net 60
637,316,17,152.61,1.93,134.61,1.7,2024-11-27,Net 60
638,317,7,795.04,12.44,692.98,10.85,2023-07-11,Net 60
639,317,20,936.79,14.22,970.22,14.72,2023-03-16,Net 30
640,318,20,759.01,8.53,,,,Net 60
641,318,10,755.68,13.81,,,,50/50 Split
642,319,15,791.99,8.29,799.24,8.37,2023-02-11,50/50 Split
643,319,20,687.42,11.04,622.29,10.0,2023-03-05,50/50 Split
644,320,11,557.92,10.23,573.04,10.5,2023-06-18,Net 30
645,320,8,556.14,6.22,505.8,5.66,2023-04-24,Net 60
646,321,3,149.09,2.67,143.12,2.56,2023-10-01,Net 60
647,321,19,160.15,2.75,148.38,2.55,2023-10-19,Net 30
648,321,18,159.0,2.92,161.19,2.96,2023-11-04,50/50 Split
649,322,16,1753.27,28.13,1747.54,28.03,2024-09-22,Net 30
650,322,10,1515.39,21.25,1410.96,19.79,2024-09-29,Net 30
651,322,14,1306.71,14.91,1241.75,14.17,2024-07-03,Net 30
652,323,1,436.88,8.49,,,,50/50 Split
653,323,14,369.02,7.29,,,,Net 30
654,323,4,420.9,5.17,,,,Net 60
655,324,6,362.66,5.78,,,,Net 60
656,324,16,475.39,6.85,,,,Net 60
657,325,9,860.41,8.81,746.52,7.64,2023-03-01,Net 30
658,325,13,944.07,16.14,944.37,16.14,2022-11-03,50/50 Split
659,325,15,730.14,10.7,707.52,10.37,2022-09-16,50/50 Split
660,326,17,377.89,5.95,,,,Net 60
661,326,19,407.81,4.79,,,,Net 30
662,326,12,449.93,6.09,,,,Net 30
663,327,1,245.86,4.14,224.04,3.78,2024-03-16,50/50 Split
664,327,13,304.68,4.14,319.39,4.34,2023-09-12,50/50 Split
665,327,6,251.87,5.03,257.79,5.15,2023-10-26,Net 30
666,328,6,445.25,7.06,,,,50/50 Split
667,328,20,478.18,8.49,,,,50/50 Split
668,329,15,434.25,6.13,448.7,6.34,2023-05-09,50/50 Split
669,329,7,381.4,6.76,334.85,5.94,2023-04-29,Net 60
670,330,3,283.89,3.37,,,,Net 60
671,330,13,291.47,3.95,,,,Net 30
672,330,6,268.2,3.89,,,,Net 30
673,331,18,456.21,6.56,412.02,5.93,2023-06-26,Net 60
674,331,20,370.31,6.3,351.46,5.98,2023-05-18,Net 60
675,331,11,486.55,6.95,473.25,6.76,2023-05-20,Net 30
676,332,18,615.67,12.22,,,,50/50 Split
677,332,3,760.51,9.85,,,,Net 30
678,332,17,756.71,8.34,,,,Net 60
679,333,12,270.73,4.19,252.82,3.91,2023-03-27,50/50 Split
680,334,16,385.87,7.66,,,,Net 60
681,335,13,426.68,7.8,415.85,7.6,2023-06-14,Net 30
682,335,11,359.84,4.68,330.68,4.3,2023-09-18,50/50 Split
683,335,7,448.82,4.95,394.11,4.35,2023-06-22,Net 30
684,336,9,90.53,0.99,,,,Net 60
685,337,14,263.25,2.88,,,,Net 30
686,338,2,391.19,6.94,,,,Net 30
687,338,7,429.14,5.93,,,,Net 60
688,338,1,485.73,8.51,,,,50/50 Split
689,339,11,102.66,1.69,,,,50/50 Split
690,339,4,112.64,1.46,,,,50/50 Split
691,340,3,946.18,10.65,879.52,9.9,2024-10-26,50/50 Split
692,340,8,967.66,16.1,970.9,16.15,2024-07-23,Net 30
693,341,17,363.44,4.83,,,,Net 60
694,342,19,333.51,5.34,,,,Net 60
695,343,18,155.15,2.47,,,,50/50 Split
696,343,8,146.63,2.77,,,,50/50 Split
697,343,12,117.07,1.96,,,,50/50 Split
698,344,4,314.23,3.91,327.46,4.07,2024-09-21,Net 60
699,344,20,323.52,5.83,298.8,5.38,2024-09-22,Net 30
700,344,15,298.99,4.24,296.52,4.2,2024-04-13,Net 60
701,345,18,353.03,3.63,346.24,3.56,2024-02-16,50/50 Split
702,345,15,258.17,4.48,233.72,4.06,2024-02-06,50/50 Split
703,346,17,1205.23,14.29,1120.27,13.28,2024-06-12,Net 30
704,346,6,1251.68,25.03,1282.11,25.64,2024-07-16,Net 60
705,346,13,1240.21,14.8,1073.36,12.81,2024-08-02,Net 60
706,347,12,528.32,6.94,468.73,6.16,2024-07-23,50/50 Split
707,348,11,1313.56,26.12,1172.48,23.31,2024-08-18,Net 60
708,349,2,429.99,5.24,,,,Net 60
709,349,9,353.94,5.37,,,,50/50 Split
710,350,1,1301.42,20.52,,,,Net 60
711,350,7,1074.78,19.06,,,,Net 30
712,350,6,1058.68,17.97,,,,Net 60
713,351,6,371.53,5.11,,,,Net 30
714,351,8,386.91,6.11,,,,Net 60
715,351,10,387.14,5.8,,,,50/50 Split
716,352,17,137.66,2.02,123.28,1.81,2023-05-19,50/50 Split
717,352,15,154.11,1.68,143.39,1.56,2023-01-29,50/50 Split
718,353,12,934.44,15.65,795.61,13.33,2024-03-11,50/50 Split
719,353,3,973.11,13.12,857.37,11.56,2024-01-29,50/50 Split
720,354,9,210.05,4.16,219.23,4.34,2023-07-13,Net 60
721,355,13,413.9,5.83,,,,Net 30
722,355,20,403.58,6.57,,,,Net 30
723,355,6,361.79,4.48,,,,Net 60
724,356,11,137.99,1.83,128.79,1.71,2023-07-05,50/50 Split
725,357,16,113.04,1.44,,,,Net 60
726,357,7,136.49,1.69,,,,Net 60
727,357,6,131.9,2.64,,,,50/50 Split
728,358,15,799.01,11.68,,,,50/50 Split
729,358,6,596.76,10.33,,,,50/50 Split
730,359,13,100.44,1.64,97.16,1.59,2023-11-18,Net 60
731,360,11,322.77,4.86,321.19,4.84,2024-04-29,Net 60
732,360,10,362.64,3.95,374.92,4.09,2024-05-03,Net 30
733,361,8,85.02,1.14,,,,50/50 Split
734,362,9,227.61,3.06,225.47,3.03,2024-11-01,Net 30
735,362,16,233.43,2.57,243.49,2.68,2025-01-22,50/50 Split
736,363,2,529.43,8.46,,,,50/50 Split
737,364,11,61.25,1.16,53.5,1.01,2023-09-21,Net 30
738,364,20,66.94,0.71,69.04,0.73,2024-01-07,50/50 Split
739,365,13,459.79,6.26,,,,Net 30
740,365,17,423.56,6.3,,,,Net 30
741,365,12,469.49,5.92,,,,Net 60
742,366,3,858.99,15.26,855.25,15.19,2024-10-05,Net 60
743,366,13,1028.06,10.84,1077.24,11.36,2024-11-10,Net 60
744,366,20,1105.02,13.4,1075.1,13.04,2024-05-05,Net 60
745,367,4,1294.94,23.13,1309.18,23.38,2023-04-21,50/50 Split
746,367,6,1615.17,24.18,1666.37,24.94,2023-03-30,Net 30
747,367,20,1532.02,26.45,1468.68,25.36,2023-06-04,50/50 Split
748,368,1,311.13,5.2,,,,50/50 Split
749,368,7,334.06,5.71,,,,50/50 Split
750,369,12,472.51,6.3,,,,Net 60
751,369,11,575.26,6.23,,,,50/50 Split
752,370,17,418.72,7.02,,,,50/50 Split
753,371,2,149.27,2.87,,,,Net 60
754,371,7,165.81,2.14,,,,Net 60
755,371,13,156.47,1.81,,,,Net 30
756,372,3,180.85,2.54,169.55,2.38,2023-05-21,Net 30
757,372,12,189.81,2.33,182.99,2.25,2022-12-16,50/50 Split
758,372,17,173.99,2.07,156.33,1.86,2022-12-08,Net 60
759,373,18,1053.83,13.06,,,,50/50 Split
760,373,8,896.04,13.97,,,,50/50 Split
761,373,9,980.92,18.94,,,,Net 60
762,374,12,311.96,5.37,284.48,4.9,2023-01-18,50/50 Split
763,375,5,489.24,8.92,507.1,9.25,2022-11-12,Net 30
764,376,5,662.45,7.47,643.36,7.25,2023-11-29,50/50 Split
765,376,12,602.73,9.12,542.13,8.2,2023-12-10,50/50 Split
766,376,15,705.24,8.13,599.64,6.91,2023-07-08,Net 30
767,377,10,853.51,16.18,828.12,15.7,2023-07-06,Net 60
768,377,20,1034.74,19.63,956.43,18.14,2023-04-09,Net 60
769,377,18,1057.71,13.44,1102.79,14.02,2023-05-03,50/50 Split
770,378,11,229.55,4.17,227.46,4.13,2024-01-20,50/50 Split
771,379,15,359.14,5.39,,,,50/50 Split
772,380,2,77.4,1.0,77.06,1.0,2024-11-04,50/50 Split
773,381,20,423.97,6.87,,,,Net 30
774,381,3,385.58,7.58,,,,50/50 Split
775,381,7,431.72,4.46,,,,Net 30
776,382,1,170.03,2.73,,,,Net 30
777,382,9,139.02,1.65,,,,50/50 Split
778,383,14,150.71,2.03,,,,50/50 Split
779,383,12,142.09,2.64,,,,Net 30
780,383,16,134.07,2.36,,,,Net 30
781,384,2,598.92,9.22,,,,Net 60
782,384,4,680.85,8.86,,,,Net 30
783,385,3,200.57,3.12,,,,50/50 Split
784,386,16,337.8,4.49,,,,50/50 Split
785,387,12,263.09,4.06,223.66,3.45,2023-07-27,Net 60
786,387,6,269.42,4.28,239.08,3.8,2023-07-29,Net 30
787,387,4,250.99,3.95,249.84,3.93,2023-09-08,Net 30
788,388,7,47.14,0.89,,,,Net 30
789,388,17,47.87,0.65,,,,Net 60
790,388,2,42.95,0.68,,,,Net 30
791,389,16,433.11,5.86,383.39,5.18,2022-11-25,Net 30
792,390,4,253.64,4.69,,,,Net 30
793,390,1,245.56,2.91,,,,Net 30
794,390,8,303.5,3.49,,,,Net 30
795,391,2,347.49,5.77,314.49,5.22,2024-03-21,Net 30
796,391,4,305.39,5.13,299.3,5.03,2023-10-28,Net 60
797,392,7,287.01,5.74,,,,50/50 Split
798,393,4,144.7,1.63,,,,50/50 Split
799,393,5,182.01,3.35,,,,Net 60
800,394,20,383.64,5.31,362.82,5.02,2023-08-04,50/50 Split
801,394,9,360.85,4.19,368.55,4.28,2024-02-21,Net 30
802,395,2,1018.32,16.94,,,,Net 30
803,395,11,1093.84,16.77,,,,50/50 Split
804,396,19,944.27,15.41,,,,Net 30
805,396,17,848.32,11.51,,,,Net 30
806,396,20,973.63,19.37,,,,50/50 Split
807,397,18,259.68,3.99,257.66,3.96,2024-12-16,Net 30
808,397,10,285.58,4.94,281.16,4.86,2025-03-07,50/50 Split
809,397,3,271.44,3.01,243.31,2.7,2025-01-11,Net 30
810,398,7,145.29,2.33,143.61,2.31,2023-12-19,50/50 Split
811,399,4,993.81,16.7,,,,50/50 Split
812,400,1,1342.76,19.83,,,,Net 60
813,401,20,349.55,5.33,345.04,5.26,2024-05-10,50/50 Split
814,402,14,428.39,4.96,,,,Net 30
815,402,8,337.43,5.4,,,,Net 60
816,403,9,774.79,14.38,659.78,12.24,2024-09-13,50/50 Split
817,403,14,855.61,14.95,883.07,15.43,2024-02-04,Net 60
818,403,18,841.56,15.81,739.25,13.89,2024-02-08,Net 30
819,404,10,323.86,4.09,,,,Net 60
820,404,20,389.73,6.44,,,,50/50 Split
821,405,4,204.07,3.69,,,,Net 60
822,406,16,308.24,5.74,303.67,5.66,2023-10-15,Net 60
823,407,12,1375.67,26.09,1295.0,24.56,2023-07-14,50/50 Split
824,407,16,1290.34,12.95,1317.87,13.22,2023-08-06,50/50 Split
825,407,13,1270.28,24.24,1147.56,21.9,2023-04-02,Net 60
826,408,2,347.94,3.49,,,,Net 60
827,408,6,468.88,7.4,,,,Net 30
828,408,7,403.35,7.92,,,,50/50 Split
829,409,15,263.81,4.43,275.41,4.63,2024-03-17,Net 30
830,409,3,357.47,5.73,306.06,4.91,2023-11-28,50/50 Split
831,410,9,1009.97,14.08,971.81,13.55,2024-09-16,Net 30
832,411,9,185.82,1.96,,,,Net 60
833,411,16,159.69,3.04,,,,Net 30
834,411,5,141.79,2.38,,,,Net 60
835,412,13,1308.45,18.95,1362.39,19.73,2022-11-08,Net 60
836,412,8,1246.98,13.99,1124.42,12.62,2022-11-22,Net 60
837,413,5,278.52,4.04,256.47,3.72,2023-11-17,50/50 Split
838,414,17,336.37,5.75,311.29,5.32,2023-09-21,50/50 Split
839,414,10,309.74,5.81,322.47,6.05,2022-11-08,Net 60
840,415,13,717.21,12.42,,,,50/50 Split
841,415,1,794.15,15.29,,,,Net 30
842,415,16,687.25,7.49,,,,50/50 Split
843,416,5,154.64,2.61,141.8,2.39,2023-06-18,Net 30
844,417,14,1388.04,19.72,,,,50/50 Split
845,418,19,257.21,4.32,245.5,4.12,2024-06-23,Net 60
846,418,14,350.19,5.86,365.66,6.11,2024-08-21,Net 60
847,419,5,851.11,12.38,,,,Net 30
848,420,2,72.2,1.16,,,,50/50 Split
849,421,11,819.97,8.97,814.05,8.91,2024-07-29,Net 60
850,422,13,165.36,1.98,,,,50/50 Split
851,422,11,137.31,2.49,,,,Net 60
852,422,3,167.21,1.7,,,,Net 60
853,423,13,637.66,11.37,613.65,10.94,2024-05-29,50/50 Split
854,423,7,602.1,7.51,529.03,6.6,2024-07-21,50/50 Split
855,423,8,610.34,6.25,625.85,6.41,2024-09-30,Net 60
856,424,12,95.02,1.84,,,,Net 60
857,424,16,119.76,1.55,,,,50/50 Split
858,425,17,502.09,10.01,,,,Net 60
859,426,11,181.41,3.25,163.37,2.93,2024-08-13,Net 60
860,426,4,169.27,3.34,149.26,2.95,2024-07-24,Net 30
861,426,20,190.23,3.59,194.59,3.67,2024-09-04,50/50 Split
862,427,3,303.09,3.2,,,,Net 60
863,427,6,392.01,6.16,,,,Net 60
864,428,2,920.73,14.69,,,,Net 30
865,429,7,510.9,8.83,512.5,8.86,2024-09-24,50/50 Split
866,429,5,607.46,6.52,622.53,6.68,2024-06-06,Net 30
867,429,14,595.45,11.52,556.48,10.77,2024-09-24,Net 60
868,430,8,896.43,10.49,,,,50/50 Split
869,430,16,1137.91,19.11,,,,Net 30
870,430,10,1059.86,20.79,,,,50/50 Split
871,431,3,196.33,3.87,178.3,3.51,2023-04-17,Net 60
872,432,12,188.0,2.49,186.97,2.48,2024-05-16,Net 60
873,433,10,355.99,4.59,,,,Net 30
874,434,9,279.44,4.42,,,,Net 60
875,434,10,270.82,4.49,,,,50/50 Split
876,434,12,262.41,4.48,,,,Net 60
877,435,17,70.62,1.37,,,,Net 60
878,435,5,54.77,0.87,,,,50/50 Split
879,436,10,335.56,5.72,,,,50/50 Split
880,436,12,289.68,5.38,,,,Net 60
881,437,1,90.13,1.18,,,,50/50 Split
882,437,15,106.03,1.71,,,,Net 30
883,438,16,893.34,14.26,886.07,14.14,2023-10-04,50/50 Split
884,438,4,1044.77,11.76,934.01,10.51,2023-11-23,Net 30
885,439,9,162.38,2.26,167.87,2.34,2022-12-25,Net 60
886,439,4,169.83,2.26,155.89,2.07,2023-02-25,Net 30
887,440,3,1188.54,20.14,,,,50/50 Split
888,441,14,56.74,0.95,51.37,0.86,2022-10-23,Net 60
889,441,7,55.72,0.63,49.03,0.56,2022-11-24,Net 60
890,441,16,66.53,0.77,58.91,0.68,2023-01-09,Net 60
891,442,20,980.81,14.0,,,,50/50 Split
892,442,17,1007.4,12.55,,,,50/50 Split
893,443,3,313.31,4.23,,,,Net 30
894,444,5,1001.61,17.7,,,,50/50 Split
895,444,17,956.08,12.0,,,,50/50 Split
896,445,1,259.85,4.26,,,,50/50 Split
897,446,6,128.59,1.35,115.72,1.22,2022-09-08,50/50 Split
898,446,2,114.64,1.67,100.81,1.47,2022-09-01,50/50 Split
899,446,15,109.19,1.32,103.56,1.25,2022-09-11,Net 30
900,447,10,381.3,4.95,341.39,4.43,2023-07-13,Net 60
901,448,1,888.16,17.05,769.48,14.78,2024-06-17,Net 30
902,448,4,918.82,14.92,831.74,13.51,2024-04-04,Net 30
903,449,4,392.74,5.18,,,,50/50 Split
904,450,10,82.9,1.57,71.58,1.35,2023-09-03,50/50 Split
905,450,20,91.73,1.34,93.54,1.37,2023-06-30,Net 30
906,451,13,185.06,1.99,188.47,2.03,2023-02-03,Net 30
907,452,1,310.75,5.09,,,,Net 30
908,452,10,234.04,3.97,,,,Net 60
909,453,5,112.15,1.65,,,,Net 30
910,453,6,152.3,1.92,,,,Net 60
911,453,17,129.05,2.3,,,,Net 60
912,454,5,542.63,9.46,,,,Net 60
913,454,15,406.2,4.71,,,,Net 60
914,454,10,471.85,6.89,,,,Net 30
915,455,8,314.17,6.21,,,,50/50 Split
916,455,18,304.9,6.08,,,,Net 60
917,456,14,921.26,13.72,833.33,12.41,2023-05-07,Net 60
918,457,14,1013.73,17.49,1000.45,17.26,2023-05-30,50/50 Split
919,457,8,1067.61,20.45,928.97,17.8,2023-07-03,Net 60
920,458,9,342.56,3.73,355.49,3.87,2024-03-02,Net 30
921,458,3,324.6,5.66,326.84,5.69,2024-03-30,50/50 Split
922,458,14,292.21,4.32,300.53,4.44,2023-11-29,50/50 Split
923,459,3,103.89,1.51,107.42,1.56,2023-03-17,Net 60
924,459,15,99.75,1.38,102.53,1.42,2023-02-18,Net 60
925,459,18,107.34,1.23,102.71,1.18,2023-01-07,50/50 Split
926,460,11,245.34,4.59,240.22,4.49,2022-09-15,Net 30
927,460,3,232.15,2.82,207.19,2.51,2022-11-16,Net 30
928,461,3,570.8,7.76,575.16,7.82,2023-10-26,Net 60
929,461,13,510.51,7.07,434.5,6.02,2023-11-02,Net 60
930,462,18,1489.13,17.74,,,,Net 30
931,462,13,1523.91,26.59,,,,Net 60
932,462,19,1499.93,21.99,,,,Net 30
933,463,3,615.76,6.92,548.18,6.16,2024-06-28,Net 60
934,463,19,521.86,10.12,493.51,9.57,2024-04-17,Net 60
935,463,5,588.68,7.56,607.08,7.8,2024-04-20,Net 60
936,464,9,802.36,11.01,741.53,10.18,2022-08-03,50/50 Split
937,465,20,806.65,13.68,,,,50/50 Split
938,465,13,708.9,13.06,,,,Net 30
939,465,5,782.83,14.99,,,,Net 60
940,466,4,221.9,4.2,192.62,3.65,2022-11-21,Net 60
941,466,16,202.5,2.34,180.52,2.09,2022-10-11,50/50 Split
942,466,12,212.25,2.47,209.7,2.44,2022-10-30,50/50 Split
943,467,14,1350.26,19.56,1185.07,17.17,2024-05-24,Net 60
944,467,20,1355.26,24.9,1299.9,23.88,2024-07-31,50/50 Split
945,468,16,149.29,1.78,147.8,1.77,2023-07-02,Net 30
946,468,4,132.38,1.71,137.6,1.78,2023-01-16,50/50 Split
947,468,15,170.68,2.24,150.42,1.97,2023-06-26,Net 60
948,469,16,599.08,8.43,628.8,8.85,2023-11-20,Net 60
949,470,11,101.75,1.26,,,,50/50 Split
950,471,8,391.72,7.04,394.27,7.09,2023-03-24,Net 60
951,471,14,312.32,4.75,307.02,4.67,2023-03-28,50/50 Split
952,472,17,881.08,14.21,824.06,13.29,2022-12-06,Net 60
953,472,8,909.22,13.56,828.8,12.36,2023-01-31,Net 60
954,473,3,542.8,7.7,551.79,7.82,2023-11-10,50/50 Split
955,473,12,392.48,7.52,351.19,6.73,2023-10-21,Net 30
956,473,13,467.69,7.25,474.92,7.36,2023-11-22,Net 30
957,474,16,1041.25,17.05,,,,Net 60
958,474,10,925.77,16.56,,,,Net 30
959,475,18,603.83,7.0,629.21,7.29,2024-08-10,Net 30
960,475,14,778.94,9.34,665.89,7.98,2024-08-17,50/50 Split
961,475,13,608.62,6.32,530.48,5.51,2024-08-09,Net 30
962,476,20,226.32,3.58,,,,50/50 Split
963,476,19,192.98,3.71,,,,Net 60
964,476,17,233.74,4.26,,,,Net 60
965,477,4,381.33,6.54,377.24,6.47,2022-09-11,Net 60
966,478,15,469.23,8.97,420.18,8.03,2024-02-22,50/50 Split
967,478,13,432.87,4.6,450.19,4.79,2023-12-04,Net 30
968,479,13,564.58,8.58,584.11,8.88,2023-08-22,Net 60
969,479,6,659.8,11.15,628.36,10.62,2023-10-01,Net 30
970,479,8,598.29,9.19,574.18,8.82,2023-06-14,Net 60
971,480,9,52.12,0.89,,,,50/50 Split
972,481,10,259.9,4.96,264.7,5.05,2023-11-27,Net 30
973,481,12,268.28,5.02,245.24,4.59,2024-01-03,Net 30
974,482,12,458.8,4.73,407.63,4.2,2023-06-29,Net 60
975,482,4,647.2,7.89,641.56,7.82,2023-02-01,50/50 Split
976,483,16,827.62,16.0,735.92,14.23,2023-08-17,Net 30
977,483,18,783.64,15.13,758.84,14.65,2023-05-28,Net 60
978,484,1,1409.63,22.41,,,,Net 60
979,484,20,1400.92,21.58,,,,50/50 Split
980,485,19,674.42,10.43,679.52,10.51,2024-07-18,Net 60
981,485,1,684.91,7.41,690.02,7.47,2024-06-24,50/50 Split
982,486,10,1384.11,21.57,,,,Net 60
983,486,12,1499.54,17.52,,,,Net 30
984,487,12,103.65,1.87,,,,50/50 Split
985,488,2,716.4,14.08,,,,Net 60
986,488,3,927.33,13.59,,,,Net 30
987,489,4,48.56,0.94,,,,50/50 Split
988,489,8,42.83,0.75,,,,Net 60
989,489,5,43.55,0.79,,,,Net 30
990,490,3,380.78,5.09,326.6,4.37,2024-05-05,50/50 Split
991,491,5,786.07,13.89,,,,50/50 Split
992,491,11,863.52,16.62,,,,Net 60
993,491,4,751.48,12.56,,,,Net 30
994,492,16,115.55,1.77,120.36,1.85,2024-07-28,Net 60
995,492,19,122.53,2.11,108.72,1.87,2024-09-08,Net 30
996,492,11,123.94,2.01,108.49,1.76,2024-04-11,Net 60
997,493,16,389.04,6.3,,,,50/50 Split
998,494,1,196.52,3.77,202.47,3.88,2022-12-10,Net 30
999,494,19,220.75,3.74,228.45,3.88,2022-09-05,Net 60
1000,494,2,194.41,2.73,204.09,2.86,2022-11-07,Net 30
1001,495,13,708.78,8.04,,,,Net 60
1002,495,3,654.21,10.25,,,,Net 30
1003,496,5,616.62,10.79,641.04,11.22,2023-06-11,Net 30
1004,497,13,1157.6,20.0,1183.54,20.44,2022-11-20,Net 60
1005,497,18,989.53,11.71,1030.19,12.19,2022-10-26,Net 30
1006,497,6,1199.21,21.74,1159.51,21.02,2022-11-08,50/50 Split
1007,498,8,399.5,7.1,,,,50/50 Split
1008,498,7,376.97,6.51,,,,Net 30
1009,499,16,630.46,12.52,,,,50/50 Split
1010,499,12,594.26,11.05,,,,Net 30
1011,499,14,754.6,14.79,,,,Net 60
1012,500,7,404.91,6.88,,,,50/50 Split
1013,500,5,400.71,5.71,,,,50/50 Split
1014,500,3,369.08,4.6,,,,Net 60
